{"Block": 2687236, "Consensus": 0, "Emission": 0, "Incentive": 0, "Stake": 0, "Trust": 0, "_runtime": 36974.11752295494, "_step": 149, "_timestamp": 1725020760.6179678, "dummy_metric": 0}