{"Block": 2687743, "Consensus": 0, "Emission": 0, "Incentive": 0, "Stake": 0, "Trust": 0, "_runtime": 42883.62898826599, "_step": 178, "_timestamp": 1725343144.6248631, "dummy_metric": 0, "_wandb": {"runtime": 30}}