{"Block": 2666473, "Consensus": 0, "Emission": 0, "Incentive": 0, "Stake": 0, "Trust": 0, "_runtime": 32230.903982400894, "_step": 111, "_timestamp": 1725014040.2065194, "dummy_metric": 0}