{"Block": 2686927, "Consensus": 0.0, "Emission": 0.0, "Incentive": 0.0, "Stake": 0.0, "Trust": 0.0, "_runtime": 34104.678082704544, "_step": 124, "_timestamp": 1725016647.9319968, "dummy_metric": 0}