{"Block": 2666473, "Consensus": 0, "Emission": 0, "Incentive": 0, "Stake": 0, "Trust": 0, "_runtime": 32138.85673379898, "_step": 109, "_timestamp": 1725013392.4922547, "dummy_metric": 0}