{"Block": 2687071, "Consensus": 0, "Emission": 0, "Incentive": 0, "Stake": 0, "Trust": 0, "_runtime": 35666.68906736374, "_step": 135, "_timestamp": 1725018444.7748435, "dummy_metric": 0}