{"Block": 2687071, "Consensus": 0, "Emission": 0, "Incentive": 0, "Stake": 0, "Trust": 0, "_runtime": 36378.46075606346, "_step": 145, "_timestamp": 1725019868.9876091, "dummy_metric": 0}