{"Block": 2687743, "Consensus": 0, "Emission": 0, "Incentive": 0, "Stake": 0, "Trust": 0, "_runtime": 43750.86716222763, "_step": 200, "_timestamp": 1725344108.0094821, "dummy_metric": 0, "allocated_hotkeys": []}