{"Block": 2686889, "Consensus": 0, "Emission": 0, "Incentive": 0, "Stake": 0, "Trust": 0, "_runtime": 33976.82097053528, "_step": 124, "_timestamp": 1725016548.1324675, "dummy_metric": 0}