{"Block": 2687308, "Consensus": 0, "Emission": 0, "Incentive": 0, "Stake": 0, "Trust": 0, "_runtime": 37632.079609155655, "_step": 154, "_timestamp": 1725021465.848272, "dummy_metric": 0}