{"Block": 2687071, "Consensus": 0, "Emission": 0, "Incentive": 0, "Stake": 0, "Trust": 0, "_runtime": 35796.82953071594, "_step": 140, "_timestamp": 1725018982.3557978, "dummy_metric": 0}