{"Block": 2687071, "Consensus": 0, "Emission": 0, "Incentive": 0, "Stake": 0, "Trust": 0, "_runtime": 36848.33218431473, "_step": 149, "_timestamp": 1725020291.0266342, "dummy_metric": 0}