{"Block": 2687236, "Consensus": 0.0, "Emission": 0.0, "Incentive": 0.0, "Stake": 0.0, "Trust": 0.0, "_runtime": 36917.97612428665, "_step": 146, "_timestamp": 1725020359.1403372, "dummy_metric": 0}