{"Block": 2687236, "Consensus": 0, "Emission": 0, "Incentive": 0, "Stake": 0, "Trust": 0, "_runtime": 37272.218980789185, "_step": 153, "_timestamp": 1725021118.2514727, "dummy_metric": 0}