{"Block": 2687743, "Consensus": 0, "Emission": 0, "Incentive": 0, "Stake": 0, "Trust": 0, "_runtime": 42921.59825921059, "_step": 182, "_timestamp": 1725343241.8892303, "dummy_metric": 0, "_wandb": {"runtime": 23}}