{"Block": 2666473, "Consensus": 0, "Emission": 0, "Incentive": 0, "Stake": 0, "Trust": 0, "_runtime": 32382.38462138176, "_step": 113, "_timestamp": 1725014615.4859364, "dummy_metric": 0}