{"Block": 2687071, "Consensus": 0.0, "Emission": 0.0, "Incentive": 0.0, "Stake": 0.0, "Trust": 0.0, "_runtime": 35632.46997714043, "_step": 134, "_timestamp": 1725018378.108647, "dummy_metric": 0}