{"Block": 2687071, "Consensus": 0, "Emission": 0, "Incentive": 0, "Stake": 0, "Trust": 0, "_runtime": 35790.914866924286, "_step": 138, "_timestamp": 1725018831.2929778, "dummy_metric": 0}