{"Block": 2687071, "Consensus": 0, "Emission": 0, "Incentive": 0, "Stake": 0, "Trust": 0, "_runtime": 36758.34520149231, "_step": 148, "_timestamp": 1725020204.7104836, "dummy_metric": 0}