{"Block": 2687021, "Consensus": 0, "Emission": 0, "Incentive": 0, "Stake": 0, "Trust": 0, "_runtime": 35184.67151927948, "_step": 134, "_timestamp": 1725017953.9629703, "dummy_metric": 0}