{"Block": 2687071, "Consensus": 0, "Emission": 0, "Incentive": 0, "Stake": 0, "Trust": 0, "_runtime": 35792.84444999695, "_step": 139, "_timestamp": 1725018871.337645, "dummy_metric": 0}