{"Block": 2687021, "Consensus": 0, "Emission": 0, "Incentive": 0, "Stake": 0, "Trust": 0, "_runtime": 35064.63450527191, "_step": 133, "_timestamp": 1725017835.4083693, "dummy_metric": 0}