{"Block": 2687236, "Consensus": 0, "Emission": 0, "Incentive": 0, "Stake": 0, "Trust": 0, "_runtime": 37095.76366901398, "_step": 152, "_timestamp": 1725020979.269116, "dummy_metric": 0}