{"Block": 2687308, "Consensus": 0, "Emission": 0, "Incentive": 0, "Stake": 0, "Trust": 0, "_runtime": 37543.353099823, "_step": 153, "_timestamp": 1725021394.8464828, "dummy_metric": 0}