{"Block": 2687071, "Consensus": 0, "Emission": 0, "Incentive": 0, "Stake": 0, "Trust": 0, "_runtime": 36250.31355929375, "_step": 144, "_timestamp": 1725019735.4695103, "dummy_metric": 0}