{"Block": 2686889, "Consensus": 0, "Emission": 0, "Incentive": 0, "Stake": 0, "Trust": 0, "_runtime": 34194.518390893936, "_step": 127, "_timestamp": 1725016872.3219678, "dummy_metric": 0}