{"Block": 2687743, "Consensus": 0, "Emission": 0, "Incentive": 0, "Stake": 0, "Trust": 0, "_runtime": 43259.6291372776, "_step": 190, "_timestamp": 1725343555.8198602, "dummy_metric": 0}