{"Block": 2687236, "Consensus": 0, "Emission": 0, "Incentive": 0, "Stake": 0, "Trust": 0, "_runtime": 36971.56278562546, "_step": 148, "_timestamp": 1725020722.0565805, "dummy_metric": 0}