{"Block": 2686889, "Consensus": 0, "Emission": 0, "Incentive": 0, "Stake": 0, "Trust": 0, "_runtime": 34197.037665605545, "_step": 128, "_timestamp": 1725016914.7411797, "dummy_metric": 0}