{"Block": 2687743, "Consensus": 0, "Emission": 0, "Incentive": 0, "Stake": 0, "Trust": 0, "_runtime": 43501.06190299988, "_step": 195, "_timestamp": 1725343819.844898, "dummy_metric": 0}