{"Block": 2714163, "Consensus": 0.0, "Emission": 0.0, "Incentive": 0.0, "Stake": 0.0, "Trust": 0.0, "_runtime": 43205.05127000809, "_step": 183, "_timestamp": 1725343479.313349, "dummy_metric": 0, "is_port_open": false}