{"Block": 2686996, "Consensus": 0, "Emission": 0, "Incentive": 0, "Stake": 0, "Trust": 0, "_runtime": 34888.803844451904, "_step": 132, "_timestamp": 1725017649.5428793, "dummy_metric": 0}