{"Block": 2687071, "Consensus": 0, "Emission": 0, "Incentive": 0, "Stake": 0, "Trust": 0, "_runtime": 36006.285910367966, "_step": 142, "_timestamp": 1725019466.4639444, "dummy_metric": 0}