{"Block": 2687743, "Consensus": 0, "Emission": 0, "Incentive": 0, "Stake": 0, "Trust": 0, "_runtime": 43957.540115594864, "_step": 205, "_timestamp": 1725344330.0550156, "allocated_hotkeys": [], "dummy_metric": 0}