{"Block": 2687047, "Consensus": 0, "Emission": 0, "Incentive": 0, "Stake": 0, "Trust": 0, "_runtime": 35394.79710865021, "_step": 134, "_timestamp": 1725018162.3601518, "dummy_metric": 0}