{"Block": 2687743, "Consensus": 0, "Emission": 0, "Incentive": 0, "Stake": 0, "Trust": 0, "_runtime": 42860.20855855942, "_step": 176, "_timestamp": 1725343002.7397845, "dummy_metric": 0, "_wandb": {"runtime": 10}}