{"Block": 2686996, "Consensus": 0, "Emission": 0, "Incentive": 0, "Stake": 0, "Trust": 0, "_runtime": 34824.759410619736, "_step": 132, "_timestamp": 1725017599.2622726, "dummy_metric": 0}