{"Block": 2687743, "Consensus": 0, "Emission": 0, "Incentive": 0, "Stake": 0, "Trust": 0, "_runtime": 42970.22149300575, "_step": 186, "_timestamp": 1725343361.417144, "dummy_metric": 0, "_wandb": {"runtime": 59}}