{"Block": 2714310, "Consensus": 0.0, "Emission": 0.0, "Incentive": 0.0, "Stake": 0.0, "Trust": 0.0, "_runtime": 44890.14040064812, "_step": 215, "_timestamp": 1725345245.2550106, "dummy_metric": 0, "is_port_open": false}