{"Block": 2686889, "Consensus": 0, "Emission": 0, "Incentive": 0, "Stake": 0, "Trust": 0, "_runtime": 34644.49267959595, "_step": 131, "_timestamp": 1725017418.6454735, "dummy_metric": 0}