{"Block": 2687071, "Consensus": 0, "Emission": 0, "Incentive": 0, "Stake": 0, "Trust": 0, "_runtime": 35916.62356495857, "_step": 141, "_timestamp": 1725019262.455039, "dummy_metric": 0}