{"Block": 2687071, "Consensus": 0, "Emission": 0, "Incentive": 0, "Stake": 0, "Trust": 0, "_runtime": 35854.85138177872, "_step": 140, "_timestamp": 1725019117.7535899, "dummy_metric": 0}