{"Block": 2687743, "Consensus": 0, "Emission": 0, "Incentive": 0, "Stake": 0, "Trust": 0, "_runtime": 42897.147847652435, "_step": 179, "_timestamp": 1725343179.8733687, "dummy_metric": 0, "_wandb": {"runtime": 41}}