{"Block": 2686889, "Consensus": 0.0, "Emission": 0.0, "Incentive": 0.0, "Stake": 0.0, "Trust": 0.0, "_runtime": 33746.051589250565, "_step": 121, "_timestamp": 1725016189.7036073, "dummy_metric": 0}