{"Block": 2687071, "Consensus": 0, "Emission": 0, "Incentive": 0, "Stake": 0, "Trust": 0, "_runtime": 35855.28941702843, "_step": 140, "_timestamp": 1725019170.739494, "dummy_metric": 0}