{"Block": 2687743, "Consensus": 0, "Emission": 0, "Incentive": 0, "Stake": 0, "Trust": 0, "_runtime": 42936.111161231995, "_step": 183, "_timestamp": 1725343272.9212832, "dummy_metric": 0, "_wandb": {"runtime": 27}}