{"Block": 2687743, "Consensus": 0, "Emission": 0, "Incentive": 0, "Stake": 0, "Trust": 0, "_runtime": 42871.284845113754, "_step": 177, "_timestamp": 1725343044.032556, "dummy_metric": 0, "_wandb": {"runtime": 18}}