{"Block": 2687071, "Consensus": 0, "Emission": 0, "Incentive": 0, "Stake": 0, "Trust": 0, "_runtime": 36006.32671546936, "_step": 142, "_timestamp": 1725019426.4714694, "dummy_metric": 0}