{"Block": 2686889, "Consensus": 0, "Emission": 0, "Incentive": 0, "Stake": 0, "Trust": 0, "_runtime": 34434.77403354645, "_step": 129, "_timestamp": 1725017213.8637714, "dummy_metric": 0}