{"Block": 2687743, "Consensus": 0, "Emission": 0, "Incentive": 0, "Stake": 0, "Trust": 0, "_runtime": 42908.258117198944, "_step": 181, "_timestamp": 1725343210.5150483, "dummy_metric": 0, "_wandb": {"runtime": 11}}