{"Block": 2686889, "Consensus": 0, "Emission": 0, "Incentive": 0, "Stake": 0, "Trust": 0, "_runtime": 34066.915484428406, "_step": 125, "_timestamp": 1725016639.0889983, "dummy_metric": 0}