{"Block": 2686889, "Consensus": 0, "Emission": 0, "Incentive": 0, "Stake": 0, "Trust": 0, "_runtime": 34372.620033741, "_step": 129, "_timestamp": 1725017056.0002458, "dummy_metric": 0}