{"Block": 2687071, "Consensus": 0, "Emission": 0, "Incentive": 0, "Stake": 0, "Trust": 0, "_runtime": 36128.28326225281, "_step": 143, "_timestamp": 1725019597.9594111, "dummy_metric": 0}