{"Block": 2687071, "Consensus": 0, "Emission": 0, "Incentive": 0, "Stake": 0, "Trust": 0, "_runtime": 36610.479679107666, "_step": 147, "_timestamp": 1725020096.154665, "dummy_metric": 0}