{"Block": 2687743, "Consensus": 0, "Emission": 0, "Incentive": 0, "Stake": 0, "Trust": 0, "_runtime": 43473.410318136215, "_step": 195, "_timestamp": 1725343871.5531032, "dummy_metric": 0}