{"Block": 2687768, "Consensus": 0.0, "Emission": 0.0, "Incentive": 0.0, "Stake": 0.0, "Trust": 0.0, "_runtime": 42859.22494673729, "_step": 176, "_timestamp": 1725026740.2804897, "dummy_metric": 0}