{"Block": 2666473, "Consensus": 0, "Emission": 0, "Incentive": 0, "Stake": 0, "Trust": 0, "_runtime": 32230.801663160324, "_step": 111, "_timestamp": 1725013932.377695, "dummy_metric": 0}