{"Block": 2687071, "Consensus": 0, "Emission": 0, "Incentive": 0, "Stake": 0, "Trust": 0, "_runtime": 35724.60306310654, "_step": 136, "_timestamp": 1725018625.116095, "dummy_metric": 0}