{"Block": 2687743, "Consensus": 0, "Emission": 0, "Incentive": 0, "Stake": 0, "Trust": 0, "_runtime": 42942.702506542206, "_step": 184, "_timestamp": 1725343297.1389835, "dummy_metric": 0, "_wandb": {"runtime": 38}}