{"Block": 2687071, "Consensus": 0, "Emission": 0, "Incentive": 0, "Stake": 0, "Trust": 0, "_runtime": 35793.058712244034, "_step": 139, "_timestamp": 1725018996.8657053, "dummy_metric": 0}