{"Block": 2687308, "Consensus": 0, "Emission": 0, "Incentive": 0, "Stake": 0, "Trust": 0, "_runtime": 37662.118134498596, "_step": 154, "_timestamp": 1725021506.4583836, "dummy_metric": 0}