{"Block": 2686845, "Consensus": 0, "Emission": 0, "Incentive": 0, "Stake": 0, "Trust": 0, "_runtime": 33585.273022413254, "_step": 122, "_timestamp": 1725016038.4879975, "dummy_metric": 0}