{"Block": 2687071, "Consensus": 0, "Emission": 0, "Incentive": 0, "Stake": 0, "Trust": 0, "_runtime": 35729.84206819534, "_step": 137, "_timestamp": 1725018612.7849772, "dummy_metric": 0}