{"Block": 2687358, "Consensus": 0, "Emission": 0, "Incentive": 0, "Stake": 0, "Trust": 0, "_runtime": 38356.22053813934, "_step": 156, "_timestamp": 1725022244.050352, "dummy_metric": 0}