{"Block": 2687383, "Consensus": 0.0, "Emission": 0.0, "Incentive": 0.0, "Stake": 0.0, "Trust": 0.0, "_runtime": 38288.63947033882, "_step": 156, "_timestamp": 1725022121.4976804, "dummy_metric": 0}