{"Block": 2686845, "Consensus": 0, "Emission": 0, "Incentive": 0, "Stake": 0, "Trust": 0, "_runtime": 33495.01328587532, "_step": 121, "_timestamp": 1725015942.9969628, "dummy_metric": 0}