{"Block": 2687743, "Consensus": 0, "Emission": 0, "Incentive": 0, "Stake": 0, "Trust": 0, "_runtime": 43199.373327970505, "_step": 189, "_timestamp": 1725343482.738442, "dummy_metric": 0}