{"Block": 2686889, "Consensus": 0, "Emission": 0, "Incentive": 0, "Stake": 0, "Trust": 0, "_runtime": 34524.51809477806, "_step": 130, "_timestamp": 1725017296.507187, "dummy_metric": 0}