{"Block": 2687071, "Consensus": 0, "Emission": 0, "Incentive": 0, "Stake": 0, "Trust": 0, "_runtime": 35866.88013577461, "_step": 141, "_timestamp": 1725019170.9881377, "dummy_metric": 0}