{"Block": 2686889, "Consensus": 0, "Emission": 0, "Incentive": 0, "Stake": 0, "Trust": 0, "_runtime": 33794.88105034828, "_step": 122, "_timestamp": 1725016295.8525515, "dummy_metric": 0}