{"Block": 2687743, "Consensus": 0, "Emission": 0, "Incentive": 0, "Stake": 0, "Trust": 0, "_runtime": 43289.595188856125, "_step": 191, "_timestamp": 1725343609.540176, "dummy_metric": 0}