{"Block": 2687743, "Consensus": 0, "Emission": 0, "Incentive": 0, "Stake": 0, "Trust": 0, "_runtime": 43109.33797121048, "_step": 187, "_timestamp": 1725343390.7679832, "dummy_metric": 0, "_wandb": {"runtime": 69}}