{"Block": 2687743, "Consensus": 0, "Emission": 0, "Incentive": 0, "Stake": 0, "Trust": 0, "_runtime": 43139.293268442154, "_step": 188, "_timestamp": 1725343419.6273644, "dummy_metric": 0}