{"Block": 2686845, "Consensus": 0.0, "Emission": 0.0, "Incentive": 0.0, "Stake": 0.0, "Trust": 0.0, "_runtime": 33338.017786026, "_step": 118, "_timestamp": 1725015665.232563, "dummy_metric": 0}