{"Block": 2687071, "Consensus": 0, "Emission": 0, "Incentive": 0, "Stake": 0, "Trust": 0, "_runtime": 35786.55080413818, "_step": 137, "_timestamp": 1725018846.6565852, "dummy_metric": 0, "_wandb": {"runtime": 8}}