{"Block": 2687743, "Consensus": 0, "Emission": 0, "Incentive": 0, "Stake": 0, "Trust": 0, "_runtime": 43379.2363846302, "_step": 192, "_timestamp": 1725343685.6574457, "dummy_metric": 0}