{"Block": 2687743, "Consensus": 0, "Emission": 0, "Incentive": 0, "Stake": 0, "Trust": 0, "_runtime": 42956.386895895004, "_step": 185, "_timestamp": 1725343329.2828898, "dummy_metric": 0, "_wandb": {"runtime": 49}}